filing_date,reporting_filer,cik,form,merger_reference,source_excerpt,sec_source_url,accession_number
2025-01-06,"Inari Medical, Inc.",0001531048,8-K,merger agreement language,"13(a) of the Exchange Act. ☐ Item 1.01. Entry into a Material Definitive Agreement. On January 6, 2025, Inari Medical, Inc., a Delaware corporation (the “ Company ” or “ Inari ”), entered into an Agreement and Plan of Merger (the “ Merger Agreement ”), by and between Stryker Corporation, a Michigan corporation (“ Parent ” or “ Stryker ”) and the Company. Pursuant to the Merger Agreement, and upon the terms and subject to the conditions thereof, an acquisition vehicle to be formed by Parent promptly after the execution of the Merger Agreement as a wholly owned subsidiary of Parent (“ Merger Sub ”) will commence a tender offer (the “ Offe",https://www.sec.gov/Archives/edgar/data/1531048/000119312525002249/d871947d8k.htm,0001193125-25-002249
2025-01-21,"Revance Therapeutics, Inc.",0001479290,8-K,merger agreement language,"01 Entry Into a Material Definitive Agreement. A&R Merger Agreement Amendment On January 17, 2025, Revance Therapeutics, Inc., a Delaware corporation (“Revance” or the “Company”), entered into a second amendment (the “Second Amendment”) to the Amended and Restated Agreement and Plan of Merger, dated December 7, 2024, and previously amended as of December 11, 2024 (as amended, and as amended by the Second Amendment, the “A&R Merger Agreement”), by and among the Company, Crown Laboratories, Inc., a Delaware corporation (“Parent”) and Reba Merger Sub, Inc., a Delaware corporation and wholly owned subsidiary of Parent (“Merger Sub,” and together with Parent, the “Buyer Parties”). Capitalized terms not define",https://www.sec.gov/Archives/edgar/data/1479290/000114036125001461/ny20040698x7_8k.htm,0001140361-25-001461
2025-02-07,GAN Ltd,0001799332,8-K,merger agreement language," 13(a) of the Exchange Act. ☒ Item 1.01 Entry Into Material Definitive Agreement. On February 7, 2025, GAN Limited, a Bermuda exempted company limited by shares (the “ Company ”), entered into a Second Amendment to Agreement and Plan of Merger (the “ Amendment ”) with SEGA SAMMY CREATION INC., a Japanese corporation (“ Parent ”), and Arc Bermuda Limited, a Bermuda exempted company limited by shares and a wholly-owned subsidiary of Parent (“ Merger Sub ”). Parent and Merger Sub are affiliates of SEGA SAMMY HOLDINGS, INC. The Amendment relates to the Agreement and Plan of Merger dated November 7, 2023 (the “ Merger Agreement ”) among Parent, Merger Sub and ",https://www.sec.gov/Archives/edgar/data/1799332/000149315225005305/form8-k.htm,0001493152-25-005305
2025-02-11,Diversified Energy Co PLC,0001922446,6-K,merger agreement language,"RNISHED, TO THE EXTENT NOT SUPERSEDED BY DOCUMENTS OR REPORTS SUBSEQUENTLY FILED OR FURNISHED. EXPLANATORY NOTE On January 24, 2025, Diversified Energy Company PLC (the “Company”) entered into a merger agreement by and among Maverick Natural Resources, LLC (“Maverick”), Remington Merger Sub, LLC, and for certain provisions therein, Diversified Gas & Oil Corporation and EIG Management Company, LLC, to acquire Maverick, a portfolio company of EIG. This Form 6-K provides certain financial statements of Maverick and pro forma financial information of the Company. In addition, on February 11, 2025, the Company issued a press rel",https://www.sec.gov/Archives/edgar/data/1922446/000114036125003845/ny20043119x1_6k.htm,0001140361-25-003845
2025-02-14,Southport Acquisition Corp,0001865200,8-K,merger agreement language,"s issued in the transaction), and (vii) Southport having at least $5,000,001 of net tangible assets upon the Closing. On February 14, 2025, Southport, Angel Studios and Merger Sub entered into the Amendment No. 1 to Agreement and Plan of Merger (the “ Merger Agreement Amendment ”), which amends the Merger Agreement to (i) remove the closing condition set forth in clause (vii) of the foregoing paragraph, (ii) amend the definitions of “Acquiror Expense Cap” (as defined in the Merger Agreement Amendment) and “Transaction Expenses” (as defined in the Merger Agreement Amendment) and (iii) amend the provision regarding expense statements. Other than as expressly",https://www.sec.gov/Archives/edgar/data/1865200/000110465925013469/tm256457d1_8k.htm,0001104659-25-013469
2025-02-26,Siyata Mobile Inc.,0001649009,6-K,merger agreement language,"tive Agreement. Merger Agreement On February 26, 2025, Siyata Mobile Inc., a corporation existing under the laws of the Province of British Columbia (“ Purchaser ” or “ Siyata ”), entered into a Merger Agreement (the “ Merger Agreement ”) with Core Gaming, Inc., a Delaware corporation (the “ Company ” or “ Core ”), and Siyata Core Acquisition U.S., Inc., a Delaware Corporation and wholly-owned subsidiary of Purchaser (“ Merger Sub ”). Purchaser, Merger Sub and the Company may each be referred to hereinafter as a “ Party ” and, collectively, as the “ Parties .” Merger Pursuant to the Merger Agreement, the Parties will effect",https://www.sec.gov/Archives/edgar/data/1649009/000121390025017273/ea0232191-6k_siyata.htm,0001213900-25-017273
2025-03-21,CHIMERIX INC,0001117480,8-K,merger agreement language,"nded December 31, 2024, compared to $24.6 million for the year ended December 31, 2023. Transaction with Jazz On March 5, 2025, Chimerix and Jazz announced that the companies have entered into a definitive merger agreement under which Jazz has agreed to acquire Chimerix for $8.55 per share in cash, for a total consideration of approximately $935 million. The transaction is expected to close in the second quarter of 2025, subject to customary closing conditions, including the tender of a majority of the outstanding shares of Chimerix’s voting common stock and other conditions. In light of the pending acquisition by Jazz, Chimerix will ",https://www.sec.gov/Archives/edgar/data/1117480/000111748025000003/exhibit99120241231cmrxearn.htm,0001117480-25-000003
2025-03-28,"Vacasa, Inc.",0001874944,8-K,merger agreement language,"Section 13(a) of the Exchange Act. ☒ Item 1.01 Entry into a Material Definitive Agreement. Amendment No. 2 to the Merger Agreement On March 28, 2025, Vacasa, Inc. (the “Company”), entered into Amendment No. 2 to the Agreement and Plan of Merger (“Amendment No. 2 to the Merger Agreement”) with Casago Holdings, LLC, a Delaware limited liability company (“Parent”), Vista Merger Sub II Inc., a Delaware corporation and a wholly owned subsidiary of Parent (“Company Merger Sub”), and Vista Merger Sub LLC, a Delaware limited liability company and a wholly owned subsidiary of Parent (“LLC Merger Sub” and collectively with Company Merger Sub, “Merger Subs”) to that ",https://www.sec.gov/Archives/edgar/data/1874944/000114036125010956/ef20046398_8k.htm,0001140361-25-010956
2025-04-23,"COLUMBIA BANKING SYSTEM, INC.",0000887343,8-K,merger agreement language,"rities Exchange Act of 1934, nor shall they be deemed incorporated by reference in any filing under the Securities Act of 1933. Item 8.01 Other Events. On April 23, 2025, Columbia entered into an Agreement and Plan of Merger (the “Merger Agreement”), by and among Columbia, Pacific Premier and Balboa Merger Sub, Inc., a Delaware corporation and a wholly owned subsidiary of Columbia (“Merger Sub”), pursuant to which, upon the terms and subject to the conditions set forth therein, (i) Merger Sub will merge with and into Pacific Premier (the “Merger”), with Pacific Premier surviving the Merger (the “Surviving Corporation”), (ii) immediately",https://www.sec.gov/Archives/edgar/data/887343/000119312525091469/d908038d8k.htm,0001193125-25-091469
2025-04-29,Quanterix Corp,0001503274,8-K,merger agreement language,"terial Definitive Agreement. Amended and Restated Agreement and Plan of Merger On April 28, 2025, Quanterix Corporation, a Delaware corporation (the “ Company ” or “ Quanterix ”), entered into an Amended and Restated Agreement and Plan of Merger (the “ A&R Merger Agreement ”), by and among the Company, Wellfleet Merger Sub, Inc., a Delaware corporation and wholly owned subsidiary of the Company (“ Merger Sub ”), and Akoya Biosciences, Inc., a Delaware corporation (“ Akoya ”), pursuant to which, subject to the terms and conditions set forth therein, Merger Sub will merge with and into Akoya (the “ Merger ”), with Akoya surviving such Merger as a wholly owned",https://www.sec.gov/Archives/edgar/data/1503274/000110465925040749/tm2513227d1_8k.htm,0001104659-25-040749
2025-05-16,BIOMARIN PHARMACEUTICAL INC,0001048477,8-K,merger agreement language,"to Section 13(a) of the Exchange Act. ☐ Item 1.01 Entry into a Material Definitive Agreement. Agreement and Plan of Merger On May 16, 2025, BioMarin Pharmaceutical Inc. (BioMarin) entered into an Agreement and Plan of Merger (the Merger Agreement) with Incline Merger Sub, Inc., a Delaware corporation and a wholly-owned subsidiary of BioMarin (Merger Sub), and Inozyme Pharma, Inc., a Delaware corporation (Inozyme). Pursuant to the Merger Agreement, and upon the terms and subject to the conditions therein, Merger Sub will commence a cash tender offer (the Offer) no later than June 2, 2025, to purchase all of the outstanding shares of the ",https://www.sec.gov/Archives/edgar/data/1048477/000119312525121296/d833625d8k.htm,0001193125-25-121296
2025-05-22,"Vigil Neuroscience, Inc.",0001827087,8-K,merger agreement language," to Section 13(a) of the Exchange Act. ☐ Item 1.01 Entry into a Material Definitive Agreement. On May 21, 2025, Vigil Neuroscience, Inc., a Delaware corporation (the “ Company ”), entered into an Agreement and Plan of Merger (the “ Merger Agreement ”) with Sanofi, a French soci é t é anonyme (“ Parent ”), and Vesper Acquisition Sub Inc., a Delaware corporation and a wholly-owned subsidiary of Parent (“ Merger Sub ”), pursuant to which, Merger Sub will merge with and into the Company (the “ Merger ”), with the Company surviving the merger as a wholly-owned subsidiary of Parent. As part of the Merger and on the terms and subject to the co",https://www.sec.gov/Archives/edgar/data/1827087/000119312525124488/d928340d8k.htm,0001193125-25-124488
2025-05-27,Asset Entities Inc.,0001920406,8-K,merger agreement language,"raditional Warrants ” and, together with the Placement Shares and Pre-Funded Warrants, the “ Securities ” and such financing, the “ Private Placement ”). The Private Placement was entered into following the execution of the previously announced Agreement and Plan of Merger, dated May 6, 2025 (the “ Merger Agreement ”), by and among the Company, Strive, Alpha Merger Sub, LLC, an Ohio limited liability company subsidiary, and Strive Asset Management, LLC, an Ohio limited liability company and subsidiary of Strive. The Private Placement is expected to close substantially concurrently with the transactions under the Merger Agreement, subject to the satisfaction of conditions precedent to ",https://www.sec.gov/Archives/edgar/data/1920406/000121390025047570/ea0243449-8k425_asset.htm,0001213900-25-047570
2025-05-30,CMB.TECH NV,0001604481,6-K,merger agreement language,"this Report on Form 6-K as Exhibit 99.2 and the terms of which are incorporated by reference herein. Entry into a Definitive Agreement and Plan of Merger On May 28, 2025, CMB.TECH entered into the Merger Agreement, pursuant to which the parties have agreed, subject to the terms and conditions of the Merger Agreement, to effect a stock-for-stock merger (the “Merger”), with Golden Ocean merging with and into Merger Sub, with Merger Sub as the surviving company (the “Surviving Company”). Upon the terms and subject to the conditions of the Merger Agreement, each of Golden Ocean’s issued and outstanding common shares, par value $0",https://www.sec.gov/Archives/edgar/data/1604481/000091957425003459/d11816610_6-k.htm,0000919574-25-003459
2025-07-23,Waystar Holding Corp.,0001990354,8-K,merger agreement language,"3(a) of the Exchange Act. ¨ Item 1.01 Entry into a Material Definitive Agreement. Merger Agreement On July 23, 2025, Waystar Holding Corp., a Delaware corporation (the “Company”), entered into an Agreement and Plan of Merger (the “Merger Agreement”) by and among the Company, Morton Merger Sub 1, Inc., a Delaware corporation and a wholly-owned subsidiary of the Company (“Reverse Merger Sub”), Isotope Holding, LLC, a Delaware limited liability company and a wholly-owned subsidiary of the Company (“Forward Merger Sub”), Iodine Software Holdings, Inc. (“Iodine”), Iodine Software Parent, LLC (“Parent”) and Shareholder Representative Services",https://www.sec.gov/Archives/edgar/data/1990354/000110465925070034/tm2521498d1_8k.htm,0001104659-25-070034
2025-07-31,CyberArk Software Ltd.,0001598110,6-K,merger agreement language,"m 40-F ☐ Entry Into Agreement and Plan of Merger On July 30, 2025, CyberArk Software Ltd., a company organized under the laws of the State of Israel (“CyberArk” or the “Company”), entered into an Agreement and Plan of Merger (the “Merger Agreement”) by and among the Company, Palo Alto Networks, Inc., a Delaware corporation (“PANW”), and Athens Strategies Ltd., a company organized under the laws of the State of Israel and a wholly owned subsidiary of PANW (“Merger Sub”). Pursuant to the Merger Agreement, and upon the terms and subject to the conditions therein, Merger Sub will merge with and into the Company (the “Merger”), with the Comp",https://www.sec.gov/Archives/edgar/data/1598110/000110465925072482/tm2522061d2_6k.htm,0001104659-25-072482
2025-08-08,MONROE CAPITAL Corp,0001512931,8-K,merger agreement language,"3(a) of the Exchange Act. ¨ Item 1.01. Entry into a Material Definitive Agreement. Merger Agreement On August 7, 2025, Monroe Capital Corporation, a Maryland corporation (“MRCC”), entered into an Agreement and Plan of Merger (the “Merger Agreement”) with Horizon Finance Technology, a Delaware corporation (“HRZN”), HMMS, Inc., a Maryland corporation and wholly owned subsidiary of HRZN (“Merger Sub”), Monroe Capital BDC Advisors, LLC, a Delaware limited liability company and investment adviser to MRCC (“Monroe Advisor”), and Horizon Technology Finance Management LLC, a Delaware limited liability company and investment adviser to HRZN (“HR",https://www.sec.gov/Archives/edgar/data/1512931/000110465925075721/tm2522963d1_8k.htm,0001104659-25-075721
2025-08-19,Sitio Royalties Corp.,0001949543,8-K,merger agreement language,"Securities and Exchange Commission (the “SEC”), the Company and Sitio Royalties Operating Partnership, LP, a Delaware limited partnership and a subsidiary of Sitio (“Sitio Opco”), entered into an Agreement and Plan of Merger, dated as of June 2, 2025 (the “Merger Agreement”), with VNOM Sub, Inc. (formerly Viper Energy, Inc.), a Delaware corporation (“Viper”), Viper Energy Partners LLC, a Delaware limited liability company (“Viper Opco”), Viper Energy, Inc. (formerly New Cobra Pubco, Inc.), a Delaware corporation and a wholly owned subsidiary of Viper (“New Viper”), Cobra Merger Sub, Inc., a Delaware corporation and a wholly owned subsid",https://www.sec.gov/Archives/edgar/data/1949543/000119312525183045/d75964d8k.htm,0001193125-25-183045
2025-09-02,Beacon Financial Corp,0001108134,8-K,completion language,"ion of Assets On September 1, 2025, Beacon Financial Corporation, a Delaware corporation previously known as “Berkshire Hills Bancorp, Inc.” (the “Company” or “Beacon Financial”), completed its previously announced merger of equals transaction with Brookline Bancorp, Inc., a Delaware corporation (“Brookline”), pursuant to the Agreement and Plan of Merger, dated as of December 16, 2024, by and among the Company, Commerce Acquisition Sub, Inc. and Brookline (the “Merger Agreement”). On September 1, 2025, Commerce Acquisition Sub, Inc. merged with and into Brookline (the “Merger”), immediately followed by the merger of Brookline with an",https://www.sec.gov/Archives/edgar/data/1108134/000110465925086043/tm2524397d1_8k.htm,0001104659-25-086043
2025-09-10,Aptorum Group Ltd,0001734005,6-K,merger agreement language,"ted, a Cayman Islands exempted company with limited liability (“Aptorum”, “APM,” “Aptorum Group” or the “Company”) and DiamiR Biosciences Corp., a Delaware corporation (“DiamiR”), entered into an Agreement and Plan of Merger on July 14, 2025, (the “Merger Agreement”), pursuant to which, among other matters, Aptorum will form a direct, wholly owned subsidiary in the state of Delaware (“Merger Sub”), which will merge with and into DiamR, with DiamiR surviving as a wholly owned subsidiary of Aptorum, and the surviving corporation of the merger with the Merger Sub (the “Merger”). Later this week, DiamiR will present at the HCW Conference, d",https://www.sec.gov/Archives/edgar/data/1734005/000121390025086383/ea0256533-6k_aptorum.htm,0001213900-25-086383
2025-09-10,INDEPENDENT BANK CORP,0000776901,8-K/A,completion language,"nt Bank Corp. (""Independent"") filed a Current Report on Form 8-K (the ""Original Report"") to report under Item 2.01 thereof that on July 1, 2025 (the ""Effective Time""), Independent completed its previously announced merger (the ""Merger"") with Enterprise Bancorp, Inc. (""Enterprise"") pursuant to an Agreement and Plan of Merger, dated as of December 8, 2024, by and between Independent, Rockland Trust Company, Enterprise and Enterprise Bank and Trust Company. At the Effective Time of the Merger, Enterprise merged with and into Independent, with Independent as the surviving corporation in the Merger. In response to Items 9.01(a) and 9.01(b",https://www.sec.gov/Archives/edgar/data/776901/000077690125000295/indb-20250701.htm,0000776901-25-000295
2025-09-10,Pelican Acquisition Corp,0002037431,8-K,merger agreement language,"ntry into a Material Definitive Agreement . On September 9, 2025, Pelican Acquisition Corporation, a Cayman Islands exempted company with limited liability (“ PELI ” or “ SPAC ”), entered into an Agreement and Plan of Merger (the “ Merger Agreement ” ), by and among Pelican Holdco, Inc., a Texas corporation (“ Holdco ”), Pelican Merger Sub, Inc., a Texas corporation and wholly-owned subsidiary of Holdco (“ Pelican Merger Sub ”), Greenland Exploration Limited, a Texas Corporation (“ Greenland ”), Greenland Merger Sub, Inc., a Texas corporation and a wholly-owned subsidiary of Holdco (“ Greenland Merger Sub ”), March GL Company, a Texas c",https://www.sec.gov/Archives/edgar/data/2037431/000182912625007274/pelicanacq_8k.htm,0001829126-25-007274
2025-10-07,"City Office REIT, Inc.",0001593222,8-K,merger agreement language,"rds provided pursuant to Section 13(a) of the Exchange Act. ☐ Item 8.01 Other Events. As previously disclosed, on July 23, 2025, City Office REIT, Inc. (NYSE: CIO) (the “Company”) entered into an Agreement and Plan of Merger (as it may be amended from time to time, the “Merger Agreement”), by and among the Company, MCME Carell Holdings, LP, a Delaware limited partnership (“Parent”), and MCME Carell Merger Sub, LLC, a Maryland limited liability company and a wholly owned subsidiary of Parent (“Merger Sub”). Pursuant to the terms and subject to the conditions set forth in the Merger Agreement, upon the closing of the transaction, the Comp",https://www.sec.gov/Archives/edgar/data/1593222/000119312525233641/d227362d8k.htm,0001193125-25-233641
2025-10-24,"Core Scientific, Inc./tx",0001839341,8-K,merger agreement language,"of $453.4 million of cash and cash equivalents and $241.4 million of bitcoin as of the end of the third quarter of 2025. PENDING COREWEAVE TRANSACTION On July 7, 2025, the Company entered into an Agreement and Plan of Merger (the “Merger Agreement”) with CoreWeave. Pursuant to the Merger Agreement, if consummated, subject to the terms and conditions set forth therein, including the affirmative vote of holders of a majority of the issued and outstanding shares of the Company’s common stock entitled to vote in favor of the adoption of the Merger Agreement, CoreWeave -more- Core Scientific, Inc. Fiscal Third Quarter 2025 Earnings Release -",https://www.sec.gov/Archives/edgar/data/1839341/000162828025046263/q32025corescientificinc-ea.htm,0001628280-25-046263
2025-10-29,HCM II Acquisition Corp.,0002019804,8-K,completion language,"ficate of Incorporation and Bylaws are attached as Exhibits 3.2 and 3.3 to this Current Report, respectively, and are incorporated herein by reference. Item 8.01. Other Events The Merger was consummated on October 28, 2025. New Terrestrial Common Shares and New Terrestrial Warrants began trading on Nasdaq under the symbols “IMSR” and “IMSRW,” respectively, on October 29, 2025. In connection with the Domestication, the name of the Registrant was changed from “HCM II Acquisition Corp.” to “Terrestrial Energy Inc.” The Registrant will file a Form 8-K with additional information regarding the Closing of the Merger with",https://www.sec.gov/Archives/edgar/data/2019804/000121390025103554/ea0263000-8k_terrestrial.htm,0001213900-25-103554
2025-11-10,AIR LEASE CORP,0001487712,8-K,merger agreement language,"rsuant to Section 13(a) of the Exchange Act. ☐ Item 8.01 Other Events As previously announced, on September 1, 2025, Air Lease Corporation, a Delaware corporation (the “Company”), entered into an Agreement and Plan of Merger (the “Merger Agreement”), with Sumisho Air Lease Corporation Designated Activity Company (formerly known as Gladiatora Designated Activity Company), an Irish private limited company (“Parent”), and Takeoff Merger Sub Inc., a Delaware corporation and an indirect wholly owned subsidiary of Parent (“Merger Sub”), pursuant to which, among other things and subject to the conditions contained in the Merger Agreement, Merg",https://www.sec.gov/Archives/edgar/data/1487712/000119312525274598/d89006d8k.htm,0001193125-25-274598
2025-11-19,"SEMrush Holdings, Inc.",0001831840,8-K,merger agreement language," the Exchange Act. ☐ Item 1.01 Entry into a Material Definitive Agreement. Merger Agreement On November 18, 2025, Semrush Holdings, Inc., a Delaware corporation (the “ Company ”), entered into an Agreement and Plan of Merger (the “ Merger Agreement ”) by and among the Company, Adobe Inc., a Delaware corporation (“ Adobe ”), and Fenway Merger Sub, Inc., a Delaware corporation and a wholly owned subsidiary of Adobe (“ Merger Sub ”). Pursuant to the Merger Agreement, and upon the terms and subject to the conditions therein, Merger Sub will merge with and into the Company (the “ Merger ”), with the Company surviving the Merger as a wholly o",https://www.sec.gov/Archives/edgar/data/1831840/000095010325014983/dp237534_8k.htm,0000950103-25-014983
2025-12-19,Axalta Coating Systems Ltd.,0001616862,8-K,merger agreement language,"ertain Officers As previously disclosed, on November 18, 2025, Axalta Coating Systems Ltd., an exempted company incorporated under the laws of Bermuda (“Axalta” or the “Company”), entered into a Merger Agreement (the “Merger Agreement”) with Akzo Nobel N.V., a public company with limited liability ( naamloze vennootschap ) incorporated under the laws of the Netherlands (“AkzoNobel”). The Merger Agreement provides for, among other things, the combination of Axalta and AkzoNobel in an all-stock merger of equals upon the terms and subject to the conditions set forth in the Merger Agreement (the “Merger”). On December 15, 2025,",https://www.sec.gov/Archives/edgar/data/1616862/000162828025058244/axta-20251215.htm,0001628280-25-058244
