accession,filename,form,event_id,entity_name,url,local_path,status,error,bytes,chars,words,tokens_whitespace,pages_approx_500w,content_sha1,n_html_tables,table_word_share,narrative_word_share,metric_source
0001193125-20-000661,d860743dsctoia.htm,SC TO-I/A,005-79005,SKYBRIDGE MULTI-ADVISER HEDGE FUND PORTFOLIOS LLC,https://www.sec.gov/Archives/edgar/data/1181848/000119312520000661/d860743dsctoia.htm,/Users/kedarvaidya/Desktop/BNY-Capstone-Project/data/corpus/sample_docs/0001193125-20-000661__d860743dsctoia.htm,ok,,19562,3981,635,635,1.27,9269f42098dd7a46d921e4875a92822281b92bac,10,0.2315,0.7685,observed_sample
0001140361-20-000042,nt10007327x1_sctoia.htm,SC TO-I/A,005-88918,Gannett Media Corp.,https://www.sec.gov/Archives/edgar/data/1635718/000114036120000042/nt10007327x1_sctoia.htm,/Users/kedarvaidya/Desktop/BNY-Capstone-Project/data/corpus/sample_docs/0001140361-20-000042__nt10007327x1_sctoia.htm,ok,,31644,7022,1100,1100,2.2,e0ed6bdb9b30b8b901b32ff67533902ed1867deb,9,0.3682,0.6318,observed_sample
0001193125-20-000096,d862466dsctota.htm,SC TO-T/A,005-86024,Wright Medical Group N.V.,https://www.sec.gov/Archives/edgar/data/1492658/000119312520000096/d862466dsctota.htm,/Users/kedarvaidya/Desktop/BNY-Capstone-Project/data/corpus/sample_docs/0001193125-20-000096__d862466dsctota.htm,ok,,34527,9781,1527,1527,3.05,04926c10967d115491ac783b2a9206ff38880aab,16,0.4912,0.5088,observed_sample
0001193125-20-000102,d832435dsc14d9a.htm,SC 14D9/A,005-86024,Wright Medical Group N.V.,https://www.sec.gov/Archives/edgar/data/1492658/000119312520000102/d832435dsc14d9a.htm,/Users/kedarvaidya/Desktop/BNY-Capstone-Project/data/corpus/sample_docs/0001193125-20-000102__d832435dsc14d9a.htm,ok,,14583,4477,712,712,1.42,4301b901b1036bb5f68bc89e10ad2ca987bb305f,3,0.0688,0.9312,observed_sample
0001193125-20-000664,d860745dsctoia.htm,SC TO-I/A,005-88054,"Skybridge G II Fund, LLC",https://www.sec.gov/Archives/edgar/data/1520568/000119312520000664/d860745dsctoia.htm,/Users/kedarvaidya/Desktop/BNY-Capstone-Project/data/corpus/sample_docs/0001193125-20-000664__d860745dsctoia.htm,ok,,18024,3844,630,630,1.26,449494a66a1dd1c37d3cfac4b7a165865000545c,10,0.2317,0.7683,observed_sample
0001398344-20-000048,fp0049012_sctoia.htm,SC TO-I/A,005-89919,Pomona Investment Fund,https://www.sec.gov/Archives/edgar/data/1616203/000139834420000048/fp0049012_sctoia.htm,/Users/kedarvaidya/Desktop/BNY-Capstone-Project/data/corpus/sample_docs/0001398344-20-000048__fp0049012_sctoia.htm,ok,,17531,4684,770,770,1.54,201d0cfb407628567e45fcfe5edcbc6a7a382b1f,2,0.2273,0.7727,observed_sample
0001104659-20-000326,tm201065-1_sc14d9a.htm,SC 14D9/A,005-48819,ARQULE INC,https://www.sec.gov/Archives/edgar/data/1019695/000110465920000326/tm201065-1_sc14d9a.htm,/Users/kedarvaidya/Desktop/BNY-Capstone-Project/data/corpus/sample_docs/0001104659-20-000326__tm201065-1_sc14d9a.htm,ok,,15694,5196,819,819,1.64,1d02d8f50c07eb696844015e5ae1fb7b884021d4,3,0.0733,0.9267,observed_sample
0001140361-20-000057,nc10007326x1_sctota.htm,SC TO-T/A,005-48819,ARQULE INC,https://www.sec.gov/Archives/edgar/data/1019695/000114036120000057/nc10007326x1_sctota.htm,/Users/kedarvaidya/Desktop/BNY-Capstone-Project/data/corpus/sample_docs/0001140361-20-000057__nc10007326x1_sctota.htm,ok,,23358,8088,1262,1262,2.52,c1e03c946e786963ce20288202677c3d31e64048,5,0.2235,0.7765,observed_sample
0001193125-20-000609,d858171dsctoi.htm,SC TO-I,005-84412,BLACKROCK CREDIT ALLOCATION INCOME TRUST,https://www.sec.gov/Archives/edgar/data/1379384/000119312520000609/d858171dsctoi.htm,/Users/kedarvaidya/Desktop/BNY-Capstone-Project/data/corpus/sample_docs/0001193125-20-000609__d858171dsctoi.htm,ok,,54947,10576,1665,1665,3.33,11f9d36b865f25584b14011f330da113d4a6a372,46,0.4174,0.5826,observed_sample
0001193125-20-000622,d858167dsctoi.htm,SC TO-I,005-90961,BlackRock Multi-Sector Opportunities Trust,https://www.sec.gov/Archives/edgar/data/1715468/000119312520000622/d858167dsctoi.htm,/Users/kedarvaidya/Desktop/BNY-Capstone-Project/data/corpus/sample_docs/0001193125-20-000622__d858167dsctoi.htm,ok,,54816,10315,1606,1606,3.21,23d3c80f26bb6a61554530b2b0419b78a57a137a,47,0.4402,0.5598,observed_sample
0001193125-20-001502,d845712dsctoia.htm,SC TO-I/A,005-88370,"NexPoint Capital, Inc.",https://www.sec.gov/Archives/edgar/data/1588272/000119312520001502/d845712dsctoia.htm,/Users/kedarvaidya/Desktop/BNY-Capstone-Project/data/corpus/sample_docs/0001193125-20-001502__d845712dsctoia.htm,ok,,22057,4816,804,804,1.61,29b20ad54ba57c684cb231b35f9678015fd48161,13,0.2612,0.7388,observed_sample
0000919574-20-000066,d8438058_scto-i.htm,SC TO-I,005-81513,DIANA SHIPPING INC.,https://www.sec.gov/Archives/edgar/data/1318885/000091957420000066/d8438058_scto-i.htm,/Users/kedarvaidya/Desktop/BNY-Capstone-Project/data/corpus/sample_docs/0000919574-20-000066__d8438058_scto-i.htm,ok,,46232,10711,1613,1613,3.23,a102f546fbb0e68cd546f0b445fe08110daa61a1,17,0.3441,0.6559,observed_sample
0001213900-20-000160,sctoi121619a7_tkksymphony.htm,SC TO-I/A,005-90609,TKK SYMPHONY ACQUISITION Corp,https://www.sec.gov/Archives/edgar/data/1738758/000121390020000160/sctoi121619a7_tkksymphony.htm,/Users/kedarvaidya/Desktop/BNY-Capstone-Project/data/corpus/sample_docs/0001213900-20-000160__sctoi121619a7_tkksymphony.htm,ok,,69126,18792,2831,2831,5.66,acc9cd56fcf6714bcb1bb0ecf24e2af4539bc1b0,15,0.8227,0.1773,observed_sample
0001398344-20-000109,fp0049083_sctoia.htm,SC TO-I/A,005-85921,Agility Multi-Asset Income Fund,https://www.sec.gov/Archives/edgar/data/1499947/000139834420000109/fp0049083_sctoia.htm,/Users/kedarvaidya/Desktop/BNY-Capstone-Project/data/corpus/sample_docs/0001398344-20-000109__fp0049083_sctoia.htm,ok,,17806,5621,923,923,1.85,6628cd97801fb1037a60de80f891456971e1f5f5,5,0.0704,0.9296,observed_sample
0001104659-20-000954,tm201185d1_sc14d9a.htm,SC 14D9/A,005-48819,ARQULE INC,https://www.sec.gov/Archives/edgar/data/1019695/000110465920000954/tm201185d1_sc14d9a.htm,/Users/kedarvaidya/Desktop/BNY-Capstone-Project/data/corpus/sample_docs/0001104659-20-000954__tm201185d1_sc14d9a.htm,ok,,14947,5017,783,783,1.57,5b0665b99f4fa2a452d2e58d7b0e1923befb52ba,3,0.0766,0.9234,observed_sample
0001140361-20-000216,nc10007326x2_sctota.htm,SC TO-T/A,005-48819,ARQULE INC,https://www.sec.gov/Archives/edgar/data/1019695/000114036120000216/nc10007326x2_sctota.htm,/Users/kedarvaidya/Desktop/BNY-Capstone-Project/data/corpus/sample_docs/0001140361-20-000216__nc10007326x2_sctota.htm,ok,,29487,7954,1225,1225,2.45,3a7eefe2449fa663d338bb4474e1adba46c2452c,19,0.329,0.671,observed_sample
0000921895-20-000037,tota206165007_01062020.htm,SC TO-T/A,005-91241,Woodbridge Liquidation Trust,https://www.sec.gov/Archives/edgar/data/1785494/000092189520000037/tota206165007_01062020.htm,/Users/kedarvaidya/Desktop/BNY-Capstone-Project/data/corpus/sample_docs/0000921895-20-000037__tota206165007_01062020.htm,ok,,24919,6834,1081,1081,2.16,dc3696928c9a003090f1cb8371469f11cc85ab97,11,0.2701,0.7299,observed_sample
0001104659-20-001225,a19-26580_3sctota.htm,SC TO-T/A,005-60201,MEDICINES CO /DE,https://www.sec.gov/Archives/edgar/data/1113481/000110465920001225/a19-26580_3sctota.htm,/Users/kedarvaidya/Desktop/BNY-Capstone-Project/data/corpus/sample_docs/0001104659-20-001225__a19-26580_3sctota.htm,ok,,72619,12593,1961,1961,3.92,e89616503168b0dd7dbab2da87294035fd68cc0b,6,0.4345,0.5655,observed_sample
0001213900-20-000305,sctoi123119_flexshopper.htm,SC TO-I,005-83480,"FlexShopper, Inc.",https://www.sec.gov/Archives/edgar/data/1397047/000121390020000305/sctoi123119_flexshopper.htm,/Users/kedarvaidya/Desktop/BNY-Capstone-Project/data/corpus/sample_docs/0001213900-20-000305__sctoi123119_flexshopper.htm,ok,,47792,13661,2175,2175,4.35,e61c5e7972ee72e5badff2c87faf11f240e8d670,10,0.3278,0.6722,observed_sample
0001140361-20-000326,nc10007326x3_sctota.htm,SC TO-T/A,005-48819,ARQULE INC,https://www.sec.gov/Archives/edgar/data/1019695/000114036120000326/nc10007326x3_sctota.htm,/Users/kedarvaidya/Desktop/BNY-Capstone-Project/data/corpus/sample_docs/0001140361-20-000326__nc10007326x3_sctota.htm,ok,,31311,8308,1287,1287,2.57,03ab34752c6c84f3c90e052da1e3ecec2eb7e577,4,0.3442,0.6558,observed_sample
0001287032-20-000008,a20200106-psecscheduletoxia.htm,SC TO-I/A,005-85155,PROSPECT CAPITAL CORP,https://www.sec.gov/Archives/edgar/data/1287032/000128703220000008/a20200106-psecscheduletoxia.htm,/Users/kedarvaidya/Desktop/BNY-Capstone-Project/data/corpus/sample_docs/0001287032-20-000008__a20200106-psecscheduletoxia.htm,ok,,42462,8902,1407,1407,2.81,0db7010e1cb2b8ce4b080bad6da0117799434dce,8,0.4691,0.5309,observed_sample
0001104659-20-001228,a19-26585_4sc14d9a.htm,SC 14D9/A,005-60201,MEDICINES CO /DE,https://www.sec.gov/Archives/edgar/data/1113481/000110465920001228/a19-26585_4sc14d9a.htm,/Users/kedarvaidya/Desktop/BNY-Capstone-Project/data/corpus/sample_docs/0001104659-20-001228__a19-26585_4sc14d9a.htm,ok,,28239,7038,1136,1136,2.27,24fb38cef2aafc38131c25b9680ac8117ae9890e,3,0.096,0.904,observed_sample
0001104659-20-001625,tm201349d1_sc14d9a.htm,SC 14D9/A,005-48819,ARQULE INC,https://www.sec.gov/Archives/edgar/data/1019695/000110465920001625/tm201349d1_sc14d9a.htm,/Users/kedarvaidya/Desktop/BNY-Capstone-Project/data/corpus/sample_docs/0001104659-20-001625__tm201349d1_sc14d9a.htm,ok,,82674,15898,2465,2465,4.93,ec5986a93a7d4fd3f43e6e78b8d9e1a1f4ee3622,9,0.185,0.815,observed_sample
0001642563-20-000005,formofxgeix-tenderoffersch.htm,SC TO-I/A,005-89903,Guggenheim Energy & Income Fund,https://www.sec.gov/Archives/edgar/data/1642563/000164256320000005/formofxgeix-tenderoffersch.htm,/Users/kedarvaidya/Desktop/BNY-Capstone-Project/data/corpus/sample_docs/0001642563-20-000005__formofxgeix-tenderoffersch.htm,ok,,27624,4756,744,744,1.49,584ba688e541118e8bb1f7dddaba6abd5cdb6ce1,10,0.289,0.711,observed_sample
0001193125-20-002606,d863611dsctota.htm,SC TO-T/A,005-90741,"Synthorx, Inc.",https://www.sec.gov/Archives/edgar/data/1609727/000119312520002606/d863611dsctota.htm,/Users/kedarvaidya/Desktop/BNY-Capstone-Project/data/corpus/sample_docs/0001193125-20-002606__d863611dsctota.htm,ok,,52106,26857,4429,4429,8.86,de0d432392032e11489aef4d34eb6d50e50c09fe,13,0.0896,0.9104,observed_sample
0001193125-20-003102,d863744dsctota.htm,SC TO-T/A,005-89574,"Audentes Therapeutics, Inc.",https://www.sec.gov/Archives/edgar/data/1628738/000119312520003102/d863744dsctota.htm,/Users/kedarvaidya/Desktop/BNY-Capstone-Project/data/corpus/sample_docs/0001193125-20-003102__d863744dsctota.htm,ok,,22852,6596,1014,1014,2.03,0cf7d38ef2b66f4bfe6d457cb93b484d0bb22f79,13,0.356,0.644,observed_sample
0001193125-20-003112,d863852dsc14d9a.htm,SC 14D9/A,005-89574,"Audentes Therapeutics, Inc.",https://www.sec.gov/Archives/edgar/data/1628738/000119312520003112/d863852dsc14d9a.htm,/Users/kedarvaidya/Desktop/BNY-Capstone-Project/data/corpus/sample_docs/0001193125-20-003112__d863852dsc14d9a.htm,ok,,148289,21351,3646,3646,7.29,7fba061d60a82630dad0632fb63dc49804d20f5f,23,0.4336,0.5664,observed_sample
0001659587-20-000002,hartman20_sctota4.htm,SC TO-T/A,005-91208,"Hartman Short Term Income Properties XX, Inc.",https://www.sec.gov/Archives/edgar/data/1446687/000165958720000002/hartman20_sctota4.htm,/Users/kedarvaidya/Desktop/BNY-Capstone-Project/data/corpus/sample_docs/0001659587-20-000002__hartman20_sctota4.htm,ok,,9733,3118,497,497,0.99,d6ec6619a07a87ee40166bca862454eb460b4840,0,0.0,1.0,observed_sample
0001193125-20-002603,d836635dsc14d9a.htm,SC 14D9/A,005-90741,"Synthorx, Inc.",https://www.sec.gov/Archives/edgar/data/1609727/000119312520002603/d836635dsc14d9a.htm,/Users/kedarvaidya/Desktop/BNY-Capstone-Project/data/corpus/sample_docs/0001193125-20-002603__d836635dsc14d9a.htm,ok,,29904,12418,1998,1998,4.0,6860870643fcdfbd63b510f6d8943168742c0b8f,8,0.0455,0.9545,observed_sample
0001213900-20-000508,sctoi010820_flatrockcapital.htm,SC TO-I,005-90531,Flat Rock Capital Corp.,https://www.sec.gov/Archives/edgar/data/1701724/000121390020000508/sctoi010820_flatrockcapital.htm,/Users/kedarvaidya/Desktop/BNY-Capstone-Project/data/corpus/sample_docs/0001213900-20-000508__sctoi010820_flatrockcapital.htm,ok,,38760,12152,1899,1899,3.8,2211cd659053743e03e7a73171311bc9d2208453,7,0.1385,0.8615,observed_sample
0000921895-20-000063,tota306165007_01082020.htm,SC TO-T/A,005-91241,Woodbridge Liquidation Trust,https://www.sec.gov/Archives/edgar/data/1785494/000092189520000063/tota306165007_01082020.htm,/Users/kedarvaidya/Desktop/BNY-Capstone-Project/data/corpus/sample_docs/0000921895-20-000063__tota306165007_01082020.htm,ok,,34532,9838,1539,1539,3.08,43edd71ca9d9d1ca8715dede8c42f9ad249c6fa2,12,0.4613,0.5387,observed_sample
0001047469-20-000123,a2240408zsc14d9.htm,SC 14D9,005-88619,"Diplomat Pharmacy, Inc.",https://www.sec.gov/Archives/edgar/data/1610092/000104746920000123/a2240408zsc14d9.htm,/Users/kedarvaidya/Desktop/BNY-Capstone-Project/data/corpus/sample_docs/0001047469-20-000123__a2240408zsc14d9.htm,ok,,564845,266844,42277,42277,84.55,812fbaa095c380f62c76ac683f4fefb9b78759bc,19,0.0626,0.9374,observed_sample
0001193125-20-004173,d769985dsctot.htm,SC TO-T,005-88619,"Diplomat Pharmacy, Inc.",https://www.sec.gov/Archives/edgar/data/1610092/000119312520004173/d769985dsctot.htm,/Users/kedarvaidya/Desktop/BNY-Capstone-Project/data/corpus/sample_docs/0001193125-20-004173__d769985dsctot.htm,ok,,46444,13187,2082,2082,4.16,954617eb61c8d96946da0b596a3ed2c13687c995,28,0.3564,0.6436,observed_sample
0001104659-20-002682,tv536111-sctoi.htm,SC TO-I,005-89596,"Healthcare Trust, Inc.",https://www.sec.gov/Archives/edgar/data/1561032/000110465920002682/tv536111-sctoi.htm,/Users/kedarvaidya/Desktop/BNY-Capstone-Project/data/corpus/sample_docs/0001104659-20-002682__tv536111-sctoi.htm,ok,,48687,11094,1902,1902,3.8,c39eca0f4dced80b638077f5d39305b43f5eb761,5,0.5636,0.4364,observed_sample
0001193125-20-004671,d845644dsctoia.htm,SC TO-I/A,005-89632,"AMG Pantheon Fund, LLC",https://www.sec.gov/Archives/edgar/data/1609211/000119312520004671/d845644dsctoia.htm,/Users/kedarvaidya/Desktop/BNY-Capstone-Project/data/corpus/sample_docs/0001193125-20-004671__d845644dsctoia.htm,ok,,21143,4898,783,783,1.57,b29d7f8c10d0186277f39ed938f7848156a55488,13,0.4393,0.5607,observed_sample
0001623632-20-000018,form.htm,SC TO-I,005-89950,Federated Project & Trade Finance Tender Fund,https://www.sec.gov/Archives/edgar/data/1677615/000162363220000018/form.htm,/Users/kedarvaidya/Desktop/BNY-Capstone-Project/data/corpus/sample_docs/0001623632-20-000018__form.htm,ok,,53975,31050,5054,5054,10.11,629a870b617f375c238379d2a5d1f4218f23290e,9,0.0514,0.9486,observed_sample
0001047469-20-000214,a2240473zsc14d9.htm,SC 14D9,005-88599,Care.com Inc,https://www.sec.gov/Archives/edgar/data/1412270/000104746920000214/a2240473zsc14d9.htm,/Users/kedarvaidya/Desktop/BNY-Capstone-Project/data/corpus/sample_docs/0001047469-20-000214__a2240473zsc14d9.htm,ok,,505605,250009,38785,38785,77.57,8ef914a9aa3530be719ff568b84fbb6f4fd3ac25,19,0.0532,0.9468,observed_sample
0001140361-20-000734,nt10007553x1_sc14d9.htm,SC 14D9,005-91241,Woodbridge Liquidation Trust,https://www.sec.gov/Archives/edgar/data/1785494/000114036120000734/nt10007553x1_sc14d9.htm,/Users/kedarvaidya/Desktop/BNY-Capstone-Project/data/corpus/sample_docs/0001140361-20-000734__nt10007553x1_sc14d9.htm,ok,,183537,54324,8587,8587,17.17,5c81984f494d31b4638d6bff06abec49814485e0,13,0.1234,0.8766,observed_sample
0001047469-20-000213,a2240423zscto-t.htm,SC TO-T,005-88599,Care.com Inc,https://www.sec.gov/Archives/edgar/data/1412270/000104746920000213/a2240423zscto-t.htm,/Users/kedarvaidya/Desktop/BNY-Capstone-Project/data/corpus/sample_docs/0001047469-20-000213__a2240423zscto-t.htm,ok,,59290,17446,2712,2712,5.42,b33881f18daa4ca2137abbeed40d75951b984d2a,7,0.2872,0.7128,observed_sample
0001387131-20-000238,xbit-sctoi_011420.htm,SC TO-I,005-88810,XBiotech Inc.,https://www.sec.gov/Archives/edgar/data/1626878/000138713120000238/xbit-sctoi_011420.htm,/Users/kedarvaidya/Desktop/BNY-Capstone-Project/data/corpus/sample_docs/0001387131-20-000238__xbit-sctoi_011420.htm,ok,,95898,12652,1970,1970,3.94,e1652cb9b604f6977ca40fc3feadeabccf98f7a9,4,0.1843,0.8157,observed_sample
0001193125-20-007558,d871265dsc14d9a.htm,SC 14D9/A,005-89574,"Audentes Therapeutics, Inc.",https://www.sec.gov/Archives/edgar/data/1628738/000119312520007558/d871265dsc14d9a.htm,/Users/kedarvaidya/Desktop/BNY-Capstone-Project/data/corpus/sample_docs/0001193125-20-007558__d871265dsc14d9a.htm,ok,,16285,4908,772,772,1.54,b8c511d363b7168b1b9b70ef41311ffe9541f95a,4,0.1244,0.8756,observed_sample
0001193125-20-008165,d872806dsc14d9a.htm,SC 14D9/A,005-90741,"Synthorx, Inc.",https://www.sec.gov/Archives/edgar/data/1609727/000119312520008165/d872806dsc14d9a.htm,/Users/kedarvaidya/Desktop/BNY-Capstone-Project/data/corpus/sample_docs/0001193125-20-008165__d872806dsc14d9a.htm,ok,,35933,14676,2253,2253,4.51,cf0743d1536ecba93f689a57cb9463098e9febcb,8,0.1638,0.8362,observed_sample
0001398344-20-000847,fp0049679_sctoi.htm,SC TO-I,005-89754,Peachtree Alternative Strategies Fund,https://www.sec.gov/Archives/edgar/data/1682662/000139834420000847/fp0049679_sctoi.htm,/Users/kedarvaidya/Desktop/BNY-Capstone-Project/data/corpus/sample_docs/0001398344-20-000847__fp0049679_sctoi.htm,ok,,118766,40453,6588,6588,13.18,0874089ea668deb9aa0b6953c491c211867086cb,41,0.2637,0.7363,observed_sample
0001398344-20-000838,fp0049500_sctoi.htm,SC TO-I,005-89250,ABS Long/Short Strategies Fund,https://www.sec.gov/Archives/edgar/data/1649363/000139834420000838/fp0049500_sctoi.htm,/Users/kedarvaidya/Desktop/BNY-Capstone-Project/data/corpus/sample_docs/0001398344-20-000838__fp0049500_sctoi.htm,ok,,92225,38303,6453,6453,12.91,6e677a17e0674504145e05628a6982efd1520b68,18,0.2396,0.7604,observed_sample
0001104659-20-004498,tm203495d2_sc14d9a.htm,SC 14D9/A,005-48819,ARQULE INC,https://www.sec.gov/Archives/edgar/data/1019695/000110465920004498/tm203495d2_sc14d9a.htm,/Users/kedarvaidya/Desktop/BNY-Capstone-Project/data/corpus/sample_docs/0001104659-20-004498__tm203495d2_sc14d9a.htm,ok,,19070,6116,979,979,1.96,99e67670952224aecb431572c5ceb0a52cc54a3e,4,0.1001,0.8999,observed_sample
0001628280-20-000450,dermirasc14d9.htm,SC 14D9,005-88347,"Dermira, Inc.",https://www.sec.gov/Archives/edgar/data/1557883/000162828020000450/dermirasc14d9.htm,/Users/kedarvaidya/Desktop/BNY-Capstone-Project/data/corpus/sample_docs/0001628280-20-000450__dermirasc14d9.htm,ok,,985178,278732,44390,44390,88.78,7b243a2b844b0cfeae40adbbdb72ed1fd5cb8240,135,0.1718,0.8282,observed_sample
0001193125-20-011457,d859616dsctot.htm,SC TO-T,005-88347,"Dermira, Inc.",https://www.sec.gov/Archives/edgar/data/1557883/000119312520011457/d859616dsctot.htm,/Users/kedarvaidya/Desktop/BNY-Capstone-Project/data/corpus/sample_docs/0001193125-20-011457__d859616dsctot.htm,ok,,69782,13625,2174,2174,4.35,f1316da107886d556023a57e491fd09be78542a1,68,0.4931,0.5069,observed_sample
0001193125-20-017140,d878483dsctot.htm,SC TO-T,005-85782,Primo Water Corp,https://www.sec.gov/Archives/edgar/data/1365101/000119312520017140/d878483dsctot.htm,/Users/kedarvaidya/Desktop/BNY-Capstone-Project/data/corpus/sample_docs/0001193125-20-017140__d878483dsctot.htm,ok,,40270,13188,2031,2031,4.06,4dd04c51fcdcc8979d3e8af5cc97513a83d866d5,13,0.3949,0.6051,observed_sample
0001193125-20-017143,d866663dsc14d9.htm,SC 14D9,005-85782,Primo Water Corp,https://www.sec.gov/Archives/edgar/data/1365101/000119312520017143/d866663dsc14d9.htm,/Users/kedarvaidya/Desktop/BNY-Capstone-Project/data/corpus/sample_docs/0001193125-20-017143__d866663dsc14d9.htm,ok,,594034,261854,41861,41861,83.72,d10f7a142fa33ec8826d38a06c0ffaa7b5058737,173,0.2884,0.7116,observed_sample
0001193125-20-018554,d11893dsc14d9.htm,SC 14D9,005-86679,InterXion Holding N.V.,https://www.sec.gov/Archives/edgar/data/1500866/000119312520018554/d11893dsc14d9.htm,/Users/kedarvaidya/Desktop/BNY-Capstone-Project/data/corpus/sample_docs/0001193125-20-018554__d11893dsc14d9.htm,ok,,783630,357305,54564,54564,109.13,712f6cf3bab2d9a4f9b5fe773a3ea83b5896c245,316,0.3192,0.6808,observed_sample
0001193125-20-017554,d874465dsctot.htm,SC TO-T,005-86679,InterXion Holding N.V.,https://www.sec.gov/Archives/edgar/data/1500866/000119312520017554/d874465dsctot.htm,/Users/kedarvaidya/Desktop/BNY-Capstone-Project/data/corpus/sample_docs/0001193125-20-017554__d874465dsctot.htm,ok,,58996,24185,3735,3735,7.47,c453621a33ec4bf9b224538c113ad832a00e687a,30,0.2755,0.7245,observed_sample
0001047469-20-000646,a2240630zsc14d9.htm,SC 14D9,005-18240,CSS INDUSTRIES INC,https://www.sec.gov/Archives/edgar/data/20629/000104746920000646/a2240630zsc14d9.htm,/Users/kedarvaidya/Desktop/BNY-Capstone-Project/data/corpus/sample_docs/0001047469-20-000646__a2240630zsc14d9.htm,ok,,487920,230662,36123,36123,72.25,d87a08d88de2874a0524137632d4a9c0bf9be40c,20,0.0779,0.9221,observed_sample
0001047469-20-000645,a2240634zscto-t.htm,SC TO-T,005-18240,CSS INDUSTRIES INC,https://www.sec.gov/Archives/edgar/data/20629/000104746920000645/a2240634zscto-t.htm,/Users/kedarvaidya/Desktop/BNY-Capstone-Project/data/corpus/sample_docs/0001047469-20-000645__a2240634zscto-t.htm,ok,,56012,15339,2314,2314,4.63,6d1113c236e52a3081b7cc98fedbf6a6788ff92e,5,0.1318,0.8682,observed_sample
0001659587-20-000006,kbs2-sctot.htm,SC TO-T,005-87404,"KBS Real Estate Investment Trust II, Inc.",https://www.sec.gov/Archives/edgar/data/1411059/000165958720000006/kbs2-sctot.htm,/Users/kedarvaidya/Desktop/BNY-Capstone-Project/data/corpus/sample_docs/0001659587-20-000006__kbs2-sctot.htm,ok,,14187,5273,833,833,1.67,4b07f06a181806015f144b7f4436cd240439a9e5,0,0.0,1.0,observed_sample
0001437749-20-002050,hpep20200207_sctot.htm,SC TO-T,005-90824,Pure Acquisition Corp.,https://www.sec.gov/Archives/edgar/data/1726293/000143774920002050/hpep20200207_sctot.htm,/Users/kedarvaidya/Desktop/BNY-Capstone-Project/data/corpus/sample_docs/0001437749-20-002050__hpep20200207_sctot.htm,ok,,79505,20297,3266,3266,6.53,ae546d1adb3a1301e5ffaceb36d61424c20c16bc,24,0.2866,0.7134,observed_sample
0001445866-20-000112,escc_sc14d9.htm,SC 14D9,005-09915,EVANS & SUTHERLAND COMPUTER CORP,https://www.sec.gov/Archives/edgar/data/276283/000144586620000112/escc_sc14d9.htm,/Users/kedarvaidya/Desktop/BNY-Capstone-Project/data/corpus/sample_docs/0001445866-20-000112__escc_sc14d9.htm,ok,,10819,3522,557,557,1.11,ef8e4627a9f05c87e05fe629737e4825df23ee9a,0,0.0,1.0,observed_sample
0001437749-20-003185,pacq20200219_sc14d9.htm,SC 14D9,005-90824,Pure Acquisition Corp.,https://www.sec.gov/Archives/edgar/data/1726293/000143774920003185/pacq20200219_sc14d9.htm,/Users/kedarvaidya/Desktop/BNY-Capstone-Project/data/corpus/sample_docs/0001437749-20-003185__pacq20200219_sc14d9.htm,ok,,63336,19788,3146,3146,6.29,1e44f060b2d5610e9e363defd806c71a009e7a98,16,0.3201,0.6799,observed_sample
0001193125-20-046329,d877277dsctot.htm,SC TO-T,005-89329,INSTRUCTURE INC,https://www.sec.gov/Archives/edgar/data/1355754/000119312520046329/d877277dsctot.htm,/Users/kedarvaidya/Desktop/BNY-Capstone-Project/data/corpus/sample_docs/0001193125-20-046329__d877277dsctot.htm,ok,,80047,18059,2767,2767,5.53,94dc71561b7cd1f9e410e486c1486008d44694a3,32,0.3383,0.6617,observed_sample
0001193125-20-046457,d893142dsc14d9.htm,SC 14D9,005-89329,INSTRUCTURE INC,https://www.sec.gov/Archives/edgar/data/1355754/000119312520046457/d893142dsc14d9.htm,/Users/kedarvaidya/Desktop/BNY-Capstone-Project/data/corpus/sample_docs/0001193125-20-046457__d893142dsc14d9.htm,ok,,632208,281595,43859,43859,87.72,39886808320ca4fccfffd57a2b00cd597e9ab105,143,0.1873,0.8127,observed_sample
0001104659-20-025077,tm2010783-5_sctot.htm,SC TO-T,005-88610,Jumei International Holding Ltd,https://www.sec.gov/Archives/edgar/data/1597680/000110465920025077/tm2010783-5_sctot.htm,/Users/kedarvaidya/Desktop/BNY-Capstone-Project/data/corpus/sample_docs/0001104659-20-025077__tm2010783-5_sctot.htm,ok,,81699,23826,3648,3648,7.3,c2b77024e6d24f29a7675d41ddb9276f08691377,5,0.1593,0.8407,observed_sample
