corporate_action_type,field,coverage_pct,n_sample_events,relevance_assumption,evidence_type
business_combination_comms,notification_family,0.0,3,relevant,inferred_regex_presence
business_combination_comms,notification_type,0.0,3,relevant,inferred_regex_presence
business_combination_comms,notification_status,100.0,3,relevant,inferred_regex_presence
business_combination_comms,processing_status,0.0,3,relevant,internal_only
business_combination_comms,mandatory_voluntary_indicator,0.0,3,relevant,inferred_regex_presence
business_combination_comms,security_description,33.33,3,relevant,inferred_regex_presence
business_combination_comms,isin,0.0,3,relevant,inferred_regex_presence
business_combination_comms,cusip,0.0,3,relevant,inferred_regex_presence
business_combination_comms,ticker,0.0,3,relevant,inferred_regex_presence
business_combination_comms,currency,0.0,3,relevant,inferred_regex_presence
business_combination_comms,coupon_rate,33.33,3,relevant,inferred_regex_presence
business_combination_comms,maturity_date,33.33,3,relevant,inferred_regex_presence
business_combination_comms,corporate_action_type,100.0,3,relevant,observed_metadata
business_combination_comms,event_subtype,0.0,3,relevant,inferred_regex_presence
business_combination_comms,effective_date,0.0,3,relevant,inferred_regex_presence
business_combination_comms,record_date,0.0,3,relevant,inferred_regex_presence
business_combination_comms,ex_date,0.0,3,relevant,inferred_regex_presence
business_combination_comms,payment_date,33.33,3,relevant,inferred_regex_presence
business_combination_comms,settlement_date,0.0,3,relevant,inferred_regex_presence
business_combination_comms,old_security_description,0.0,3,relevant,inferred_regex_presence
business_combination_comms,old_security_isin,0.0,3,relevant,inferred_regex_presence
business_combination_comms,new_security_description,0.0,3,relevant,inferred_regex_presence
business_combination_comms,new_security_isin,0.0,3,relevant,inferred_regex_presence
business_combination_comms,conversion_ratio,33.33,3,relevant,inferred_regex_presence
business_combination_comms,conversion_price,0.0,3,relevant,inferred_regex_presence
business_combination_comms,redemption_amount,0.0,3,relevant,inferred_regex_presence
business_combination_comms,call_price,0.0,3,relevant,inferred_regex_presence
business_combination_comms,election_required,0.0,3,relevant,inferred_regex_presence
business_combination_comms,available_options,0.0,3,relevant,inferred_regex_presence
business_combination_comms,default_option,0.0,3,relevant,inferred_regex_presence
business_combination_comms,election_deadline,0.0,3,relevant,inferred_regex_presence
business_combination_comms,response_deadline,0.0,3,relevant,inferred_regex_presence
business_combination_comms,cancellation_reason,0.0,3,relevant,inferred_regex_presence
business_combination_comms,eligible_quantity,0.0,3,relevant,internal_only
business_combination_comms,position_quantity,0.0,3,relevant,internal_only
business_combination_comms,principal_amount,0.0,3,relevant,inferred_regex_presence
business_combination_comms,interest_amount,0.0,3,relevant,inferred_regex_presence
business_combination_comms,cash_amount,0.0,3,relevant,inferred_regex_presence
business_combination_comms,debit_credit_indicator,0.0,3,relevant,internal_only
current_report,notification_family,0.0,3,relevant,inferred_regex_presence
current_report,notification_type,0.0,3,relevant,inferred_regex_presence
current_report,notification_status,66.67,3,relevant,inferred_regex_presence
current_report,processing_status,0.0,3,relevant,internal_only
current_report,mandatory_voluntary_indicator,0.0,3,relevant,inferred_regex_presence
current_report,security_description,100.0,3,relevant,inferred_regex_presence
current_report,isin,0.0,3,relevant,inferred_regex_presence
current_report,cusip,0.0,3,relevant,inferred_regex_presence
current_report,ticker,66.67,3,relevant,inferred_regex_presence
current_report,currency,33.33,3,relevant,inferred_regex_presence
current_report,coupon_rate,33.33,3,relevant,inferred_regex_presence
current_report,maturity_date,33.33,3,relevant,inferred_regex_presence
current_report,corporate_action_type,100.0,3,relevant,observed_metadata
current_report,event_subtype,0.0,3,relevant,inferred_regex_presence
current_report,effective_date,0.0,3,relevant,inferred_regex_presence
current_report,record_date,0.0,3,relevant,inferred_regex_presence
current_report,ex_date,0.0,3,relevant,inferred_regex_presence
current_report,payment_date,0.0,3,relevant,inferred_regex_presence
current_report,settlement_date,0.0,3,relevant,inferred_regex_presence
current_report,old_security_description,0.0,3,relevant,inferred_regex_presence
current_report,old_security_isin,0.0,3,relevant,inferred_regex_presence
current_report,new_security_description,0.0,3,relevant,inferred_regex_presence
current_report,new_security_isin,0.0,3,relevant,inferred_regex_presence
current_report,conversion_ratio,0.0,3,relevant,inferred_regex_presence
current_report,conversion_price,66.67,3,relevant,inferred_regex_presence
current_report,redemption_amount,0.0,3,relevant,inferred_regex_presence
current_report,call_price,0.0,3,relevant,inferred_regex_presence
current_report,election_required,33.33,3,relevant,inferred_regex_presence
current_report,available_options,0.0,3,relevant,inferred_regex_presence
current_report,default_option,0.0,3,relevant,inferred_regex_presence
current_report,election_deadline,0.0,3,relevant,inferred_regex_presence
current_report,response_deadline,0.0,3,relevant,inferred_regex_presence
current_report,cancellation_reason,0.0,3,relevant,inferred_regex_presence
current_report,eligible_quantity,0.0,3,relevant,internal_only
current_report,position_quantity,0.0,3,relevant,internal_only
current_report,principal_amount,100.0,3,relevant,inferred_regex_presence
current_report,interest_amount,0.0,3,relevant,inferred_regex_presence
current_report,cash_amount,33.33,3,relevant,inferred_regex_presence
current_report,debit_credit_indicator,0.0,3,relevant,internal_only
going_private,notification_family,100.0,7,relevant,inferred_regex_presence
going_private,notification_type,0.0,7,relevant,inferred_regex_presence
going_private,notification_status,100.0,7,relevant,inferred_regex_presence
going_private,processing_status,0.0,7,relevant,internal_only
going_private,mandatory_voluntary_indicator,0.0,7,relevant,inferred_regex_presence
going_private,security_description,57.14,7,relevant,inferred_regex_presence
going_private,isin,0.0,7,relevant,inferred_regex_presence
going_private,cusip,100.0,7,relevant,inferred_regex_presence
going_private,ticker,28.57,7,relevant,inferred_regex_presence
going_private,currency,28.57,7,relevant,inferred_regex_presence
going_private,coupon_rate,14.29,7,relevant,inferred_regex_presence
going_private,maturity_date,14.29,7,relevant,inferred_regex_presence
going_private,corporate_action_type,100.0,7,relevant,observed_metadata
going_private,event_subtype,14.29,7,relevant,inferred_regex_presence
going_private,effective_date,0.0,7,relevant,inferred_regex_presence
going_private,record_date,57.14,7,relevant,inferred_regex_presence
going_private,ex_date,0.0,7,relevant,inferred_regex_presence
going_private,payment_date,14.29,7,relevant,inferred_regex_presence
going_private,settlement_date,71.43,7,relevant,inferred_regex_presence
going_private,old_security_description,0.0,7,relevant,inferred_regex_presence
going_private,old_security_isin,0.0,7,relevant,inferred_regex_presence
going_private,new_security_description,28.57,7,relevant,inferred_regex_presence
going_private,new_security_isin,0.0,7,relevant,inferred_regex_presence
going_private,conversion_ratio,57.14,7,relevant,inferred_regex_presence
going_private,conversion_price,0.0,7,relevant,inferred_regex_presence
going_private,redemption_amount,28.57,7,relevant,inferred_regex_presence
going_private,call_price,0.0,7,relevant,inferred_regex_presence
going_private,election_required,28.57,7,relevant,inferred_regex_presence
going_private,available_options,0.0,7,relevant,inferred_regex_presence
going_private,default_option,0.0,7,relevant,inferred_regex_presence
going_private,election_deadline,28.57,7,relevant,inferred_regex_presence
going_private,response_deadline,0.0,7,relevant,inferred_regex_presence
going_private,cancellation_reason,0.0,7,relevant,inferred_regex_presence
going_private,eligible_quantity,0.0,7,relevant,internal_only
going_private,position_quantity,0.0,7,relevant,internal_only
going_private,principal_amount,14.29,7,relevant,inferred_regex_presence
going_private,interest_amount,14.29,7,relevant,inferred_regex_presence
going_private,cash_amount,71.43,7,relevant,inferred_regex_presence
going_private,debit_credit_indicator,0.0,7,relevant,internal_only
merger_proxy,notification_family,83.33,6,relevant,inferred_regex_presence
merger_proxy,notification_type,0.0,6,relevant,inferred_regex_presence
merger_proxy,notification_status,100.0,6,relevant,inferred_regex_presence
merger_proxy,processing_status,0.0,6,relevant,internal_only
merger_proxy,mandatory_voluntary_indicator,33.33,6,relevant,inferred_regex_presence
merger_proxy,security_description,100.0,6,relevant,inferred_regex_presence
merger_proxy,isin,0.0,6,relevant,inferred_regex_presence
merger_proxy,cusip,0.0,6,relevant,inferred_regex_presence
merger_proxy,ticker,100.0,6,relevant,inferred_regex_presence
merger_proxy,currency,83.33,6,relevant,inferred_regex_presence
merger_proxy,coupon_rate,50.0,6,relevant,inferred_regex_presence
merger_proxy,maturity_date,50.0,6,relevant,inferred_regex_presence
merger_proxy,corporate_action_type,100.0,6,relevant,observed_metadata
merger_proxy,event_subtype,83.33,6,relevant,inferred_regex_presence
merger_proxy,effective_date,100.0,6,relevant,inferred_regex_presence
merger_proxy,record_date,100.0,6,relevant,inferred_regex_presence
merger_proxy,ex_date,0.0,6,relevant,inferred_regex_presence
merger_proxy,payment_date,100.0,6,relevant,inferred_regex_presence
merger_proxy,settlement_date,100.0,6,relevant,inferred_regex_presence
merger_proxy,old_security_description,0.0,6,relevant,inferred_regex_presence
merger_proxy,old_security_isin,0.0,6,relevant,inferred_regex_presence
merger_proxy,new_security_description,100.0,6,relevant,inferred_regex_presence
merger_proxy,new_security_isin,0.0,6,relevant,inferred_regex_presence
merger_proxy,conversion_ratio,83.33,6,relevant,inferred_regex_presence
merger_proxy,conversion_price,0.0,6,relevant,inferred_regex_presence
merger_proxy,redemption_amount,100.0,6,relevant,inferred_regex_presence
merger_proxy,call_price,16.67,6,relevant,inferred_regex_presence
merger_proxy,election_required,100.0,6,relevant,inferred_regex_presence
merger_proxy,available_options,16.67,6,relevant,inferred_regex_presence
merger_proxy,default_option,0.0,6,relevant,inferred_regex_presence
merger_proxy,election_deadline,100.0,6,relevant,inferred_regex_presence
merger_proxy,response_deadline,66.67,6,relevant,inferred_regex_presence
merger_proxy,cancellation_reason,100.0,6,relevant,inferred_regex_presence
merger_proxy,eligible_quantity,0.0,6,relevant,internal_only
merger_proxy,position_quantity,0.0,6,relevant,internal_only
merger_proxy,principal_amount,50.0,6,relevant,inferred_regex_presence
merger_proxy,interest_amount,0.0,6,relevant,inferred_regex_presence
merger_proxy,cash_amount,100.0,6,relevant,inferred_regex_presence
merger_proxy,debit_credit_indicator,0.0,6,relevant,internal_only
mixed,notification_family,88.24,17,relevant,inferred_regex_presence
mixed,notification_type,52.94,17,relevant,inferred_regex_presence
mixed,notification_status,94.12,17,relevant,inferred_regex_presence
mixed,processing_status,0.0,17,relevant,internal_only
mixed,mandatory_voluntary_indicator,47.06,17,relevant,inferred_regex_presence
mixed,security_description,100.0,17,relevant,inferred_regex_presence
mixed,isin,0.0,17,relevant,inferred_regex_presence
mixed,cusip,52.94,17,relevant,inferred_regex_presence
mixed,ticker,82.35,17,relevant,inferred_regex_presence
mixed,currency,58.82,17,relevant,inferred_regex_presence
mixed,coupon_rate,41.18,17,relevant,inferred_regex_presence
mixed,maturity_date,35.29,17,relevant,inferred_regex_presence
mixed,corporate_action_type,100.0,17,relevant,observed_metadata
mixed,event_subtype,47.06,17,relevant,inferred_regex_presence
mixed,effective_date,47.06,17,relevant,inferred_regex_presence
mixed,record_date,58.82,17,relevant,inferred_regex_presence
mixed,ex_date,0.0,17,relevant,inferred_regex_presence
mixed,payment_date,52.94,17,relevant,inferred_regex_presence
mixed,settlement_date,58.82,17,relevant,inferred_regex_presence
mixed,old_security_description,11.76,17,relevant,inferred_regex_presence
mixed,old_security_isin,0.0,17,relevant,inferred_regex_presence
mixed,new_security_description,58.82,17,relevant,inferred_regex_presence
mixed,new_security_isin,0.0,17,relevant,inferred_regex_presence
mixed,conversion_ratio,76.47,17,relevant,inferred_regex_presence
mixed,conversion_price,17.65,17,relevant,inferred_regex_presence
mixed,redemption_amount,47.06,17,relevant,inferred_regex_presence
mixed,call_price,11.76,17,relevant,inferred_regex_presence
mixed,election_required,58.82,17,relevant,inferred_regex_presence
mixed,available_options,17.65,17,relevant,inferred_regex_presence
mixed,default_option,0.0,17,relevant,inferred_regex_presence
mixed,election_deadline,70.59,17,relevant,inferred_regex_presence
mixed,response_deadline,47.06,17,relevant,inferred_regex_presence
mixed,cancellation_reason,52.94,17,relevant,inferred_regex_presence
mixed,eligible_quantity,0.0,17,relevant,internal_only
mixed,position_quantity,0.0,17,relevant,internal_only
mixed,principal_amount,52.94,17,relevant,inferred_regex_presence
mixed,interest_amount,17.65,17,relevant,inferred_regex_presence
mixed,cash_amount,94.12,17,relevant,inferred_regex_presence
mixed,debit_credit_indicator,0.0,17,relevant,internal_only
prospectus_supplement,notification_family,61.54,13,relevant,inferred_regex_presence
prospectus_supplement,notification_type,7.69,13,relevant,inferred_regex_presence
prospectus_supplement,notification_status,100.0,13,relevant,inferred_regex_presence
prospectus_supplement,processing_status,0.0,13,relevant,internal_only
prospectus_supplement,mandatory_voluntary_indicator,84.62,13,relevant,inferred_regex_presence
prospectus_supplement,security_description,100.0,13,relevant,inferred_regex_presence
prospectus_supplement,isin,30.77,13,relevant,inferred_regex_presence
prospectus_supplement,cusip,30.77,13,relevant,inferred_regex_presence
prospectus_supplement,ticker,84.62,13,relevant,inferred_regex_presence
prospectus_supplement,currency,100.0,13,relevant,inferred_regex_presence
prospectus_supplement,coupon_rate,76.92,13,relevant,inferred_regex_presence
prospectus_supplement,maturity_date,76.92,13,relevant,inferred_regex_presence
prospectus_supplement,corporate_action_type,100.0,13,relevant,observed_metadata
prospectus_supplement,event_subtype,38.46,13,relevant,inferred_regex_presence
prospectus_supplement,effective_date,46.15,13,relevant,inferred_regex_presence
prospectus_supplement,record_date,69.23,13,relevant,inferred_regex_presence
prospectus_supplement,ex_date,38.46,13,relevant,inferred_regex_presence
prospectus_supplement,payment_date,76.92,13,relevant,inferred_regex_presence
prospectus_supplement,settlement_date,100.0,13,relevant,inferred_regex_presence
prospectus_supplement,old_security_description,15.38,13,relevant,inferred_regex_presence
prospectus_supplement,old_security_isin,30.77,13,relevant,inferred_regex_presence
prospectus_supplement,new_security_description,76.92,13,relevant,inferred_regex_presence
prospectus_supplement,new_security_isin,30.77,13,relevant,inferred_regex_presence
prospectus_supplement,conversion_ratio,61.54,13,relevant,inferred_regex_presence
prospectus_supplement,conversion_price,30.77,13,relevant,inferred_regex_presence
prospectus_supplement,redemption_amount,84.62,13,relevant,inferred_regex_presence
prospectus_supplement,call_price,7.69,13,relevant,inferred_regex_presence
prospectus_supplement,election_required,84.62,13,relevant,inferred_regex_presence
prospectus_supplement,available_options,0.0,13,relevant,inferred_regex_presence
prospectus_supplement,default_option,0.0,13,relevant,inferred_regex_presence
prospectus_supplement,election_deadline,84.62,13,relevant,inferred_regex_presence
prospectus_supplement,response_deadline,30.77,13,relevant,inferred_regex_presence
prospectus_supplement,cancellation_reason,23.08,13,relevant,inferred_regex_presence
prospectus_supplement,eligible_quantity,0.0,13,relevant,internal_only
prospectus_supplement,position_quantity,0.0,13,relevant,internal_only
prospectus_supplement,principal_amount,76.92,13,relevant,inferred_regex_presence
prospectus_supplement,interest_amount,30.77,13,relevant,inferred_regex_presence
prospectus_supplement,cash_amount,69.23,13,relevant,inferred_regex_presence
prospectus_supplement,debit_credit_indicator,0.0,13,relevant,internal_only
registration_exchange_merger,notification_family,100.0,8,relevant,inferred_regex_presence
registration_exchange_merger,notification_type,50.0,8,relevant,inferred_regex_presence
registration_exchange_merger,notification_status,100.0,8,relevant,inferred_regex_presence
registration_exchange_merger,processing_status,0.0,8,relevant,internal_only
registration_exchange_merger,mandatory_voluntary_indicator,87.5,8,relevant,inferred_regex_presence
registration_exchange_merger,security_description,100.0,8,relevant,inferred_regex_presence
registration_exchange_merger,isin,0.0,8,relevant,inferred_regex_presence
registration_exchange_merger,cusip,50.0,8,relevant,inferred_regex_presence
registration_exchange_merger,ticker,87.5,8,relevant,inferred_regex_presence
registration_exchange_merger,currency,100.0,8,relevant,inferred_regex_presence
registration_exchange_merger,coupon_rate,87.5,8,relevant,inferred_regex_presence
registration_exchange_merger,maturity_date,100.0,8,relevant,inferred_regex_presence
registration_exchange_merger,corporate_action_type,100.0,8,relevant,observed_metadata
registration_exchange_merger,event_subtype,100.0,8,relevant,inferred_regex_presence
registration_exchange_merger,effective_date,100.0,8,relevant,inferred_regex_presence
registration_exchange_merger,record_date,100.0,8,relevant,inferred_regex_presence
registration_exchange_merger,ex_date,0.0,8,relevant,inferred_regex_presence
registration_exchange_merger,payment_date,100.0,8,relevant,inferred_regex_presence
registration_exchange_merger,settlement_date,100.0,8,relevant,inferred_regex_presence
registration_exchange_merger,old_security_description,37.5,8,relevant,inferred_regex_presence
registration_exchange_merger,old_security_isin,0.0,8,relevant,inferred_regex_presence
registration_exchange_merger,new_security_description,100.0,8,relevant,inferred_regex_presence
registration_exchange_merger,new_security_isin,0.0,8,relevant,inferred_regex_presence
registration_exchange_merger,conversion_ratio,62.5,8,relevant,inferred_regex_presence
registration_exchange_merger,conversion_price,12.5,8,relevant,inferred_regex_presence
registration_exchange_merger,redemption_amount,100.0,8,relevant,inferred_regex_presence
registration_exchange_merger,call_price,50.0,8,relevant,inferred_regex_presence
registration_exchange_merger,election_required,100.0,8,relevant,inferred_regex_presence
registration_exchange_merger,available_options,12.5,8,relevant,inferred_regex_presence
registration_exchange_merger,default_option,0.0,8,relevant,inferred_regex_presence
registration_exchange_merger,election_deadline,100.0,8,relevant,inferred_regex_presence
registration_exchange_merger,response_deadline,87.5,8,relevant,inferred_regex_presence
registration_exchange_merger,cancellation_reason,87.5,8,relevant,inferred_regex_presence
registration_exchange_merger,eligible_quantity,0.0,8,relevant,internal_only
registration_exchange_merger,position_quantity,0.0,8,relevant,internal_only
registration_exchange_merger,principal_amount,100.0,8,relevant,inferred_regex_presence
registration_exchange_merger,interest_amount,75.0,8,relevant,inferred_regex_presence
registration_exchange_merger,cash_amount,87.5,8,relevant,inferred_regex_presence
registration_exchange_merger,debit_credit_indicator,0.0,8,relevant,internal_only
